{
  "$schema": "https://raw.githubusercontent.com/grafana/grafana/main/docs/sources/developers/plugins/plugin.schema.json",
  "type": "datasource",
  "name": "Lua Query Datasource",
  "id": "techierishi-luaquery-datasource",
  "metrics": true,
  "backend": true,
  "executable": "luaquery-datasource",
  "info": {
    "description": "Use Lua as query",
    "author": {
      "name": "Rishikesh Jha"
    },
    "keywords": ["datasource"],
    "logos": {
      "small": "img/logo.svg",
      "large": "img/logo.svg"
    },
    "links": [
      {
        "name": "Website",
        "url": "https://github.com/techierishi/datasource-lua"
      },
      {
        "name": "License",
        "url": "https://github.com/techierishi/datasource-lua/blob/master/LICENSE"
      }
    ],
    "screenshots": [],
    "version": "1.0.0",
    "updated": "2023-07-11"
  },
  "dependencies": {
    "grafanaDependency": ">=9.1.2",
    "plugins": []
  }
}
